{
  "model": "Qwen/Qwen3-14B-AWQ",
  "calib_tokens": 2048,
  "variance_explained": {
    "64": 0.9375755682587623,
    "96": 0.9818891547620296,
    "112": 0.9936284150928258,
    "128": 1.000000031106174
  },
  "basis_stability_mean_cosine": {
    "mean": 0.3964734218083322,
    "min": 0.33541661500930786,
    "std": 0.027004437521558577
  },
  "participation_ratio_by_layer": {
    "0": 4.939891159534454,
    "1": 14.141972124576569,
    "2": 16.68895334005356,
    "3": 19.662749648094177,
    "4": 15.521142363548279,
    "5": 21.612475275993347,
    "6": 14.006700098514557,
    "7": 15.61489713191986,
    "8": 11.236974835395813,
    "9": 24.925367832183838,
    "10": 16.998472690582275,
    "11": 16.453510642051697,
    "12": 23.459049820899963,
    "13": 18.940414309501648,
    "14": 17.545020639896393,
    "15": 22.543444395065308,
    "16": 17.7843679189682,
    "17": 18.91697931289673,
    "18": 19.01226270198822,
    "19": 16.764948844909668,
    "20": 17.795045256614685,
    "21": 17.29947793483734,
    "22": 12.983054459095001,
    "23": 17.691500425338745,
    "24": 15.561643123626709,
    "25": 15.644257307052612,
    "26": 18.1287339925766,
    "27": 17.18750274181366,
    "28": 21.145967960357666,
    "29": 18.921834468841553,
    "30": 18.178815007209778,
    "31": 22.110368847846985,
    "32": 19.977230548858643,
    "33": 21.99790072441101,
    "34": 22.298628091812134,
    "35": 22.284597635269165,
    "36": 20.368247985839844,
    "37": 19.687349438667297,
    "38": 19.50467312335968,
    "39": 18.7514431476593
  },
  "per_layer_recon_error": {
    "k128": {
      "0": 1.8080556785093904e-07,
      "1": 1.7158666754113483e-07,
      "2": 2.071230174038874e-07,
      "3": 2.0489916252586227e-07,
      "4": 2.0192923422257536e-07,
      "5": 1.8468128271109663e-07,
      "6": 2.101520211184038e-07,
      "7": 2.2692633194765222e-07,
      "8": 2.0729966720978155e-07,
      "9": 2.2320044479329226e-07,
      "10": 2.2538616839540282e-07,
      "11": 2.2423348866595916e-07,
      "12": 2.311783529052036e-07,
      "13": 2.2850710834632082e-07,
      "14": 2.0712585602211675e-07,
      "15": 2.2278841171896602e-07,
      "16": 2.197094985945114e-07,
      "17": 2.2436397273395414e-07,
      "18": 2.4175519008906576e-07,
      "19": 2.376396874836928e-07,
      "20": 2.1738554956129974e-07,
      "21": 2.3556759565224183e-07,
      "22": 2.2031844082448515e-07,
      "23": 2.2631344798185182e-07,
      "24": 2.412112252159204e-07,
      "25": 2.403827661368041e-07,
      "26": 2.269860015502445e-07,
      "27": 2.1362890834097925e-07,
      "28": 2.415057966942413e-07,
      "29": 2.158352394587837e-07,
      "30": 2.139400052669771e-07,
      "31": 2.2183097136974084e-07,
      "32": 2.1167129027332976e-07,
      "33": 2.347028118521166e-07,
      "34": 2.3680830452121882e-07,
      "35": 2.4084966732118573e-07,
      "36": 2.0485323304342273e-07,
      "37": 2.075187417460711e-07,
      "38": 2.2875628502561085e-07,
      "39": 1.8789547873154788e-07
    },
    "k96": {
      "0": 0.08216560259461403,
      "1": 0.053537796484306455,
      "2": 0.09862343640998006,
      "3": 0.09589069709181786,
      "4": 0.09698826912790537,
      "5": 0.0733053726144135,
      "6": 0.09335116925649345,
      "7": 0.1107708178460598,
      "8": 0.09989781305193901,
      "9": 0.0988708445802331,
      "10": 0.10425091814249754,
      "11": 0.10651390627026558,
      "12": 0.09993468411266804,
      "13": 0.09286092594265938,
      "14": 0.08186899358406663,
      "15": 0.09167741751298308,
      "16": 0.08754703309386969,
      "17": 0.07733297720551491,
      "18": 0.08418426802381873,
      "19": 0.0853029852733016,
      "20": 0.08019783440977335,
      "21": 0.0683656525798142,
      "22": 0.07195543218404055,
      "23": 0.07988396426662803,
      "24": 0.07355821970850229,
      "25": 0.08895008824765682,
      "26": 0.08146824222058058,
      "27": 0.07806952996179461,
      "28": 0.07936975779011846,
      "29": 0.09054950578138232,
      "30": 0.09024665877223015,
      "31": 0.09571948973461986,
      "32": 0.10169531032443047,
      "33": 0.09554873127490282,
      "34": 0.08576674573123455,
      "35": 0.0802874593064189,
      "36": 0.09062473988160491,
      "37": 0.08798683062195778,
      "38": 0.09268028475344181,
      "39": 0.09081694111227989
    }
  },
  "truncation_vs_quant_split": {
    "truncation_fraction_mean": 5.734962586881375e-12,
    "truncation_fraction_std": 1.2435791863616474e-12,
    "quantization_fraction_mean": 0.999999999994265
  }
}