{
  "theoretical": {
    "ctx512_bs1": {
      "ctx": 512,
      "bs": 1,
      "baseline": 83.88608,
      "k128": 52.4288,
      "k112": 51.11808,
      "r128": 1.6,
      "r112": 1.6410256410256412
    },
    "ctx512_bs4": {
      "ctx": 512,
      "bs": 4,
      "baseline": 335.54432,
      "k128": 209.7152,
      "k112": 204.47232,
      "r128": 1.6,
      "r112": 1.6410256410256412
    },
    "ctx512_bs8": {
      "ctx": 512,
      "bs": 8,
      "baseline": 671.08864,
      "k128": 419.4304,
      "k112": 408.94464,
      "r128": 1.6,
      "r112": 1.6410256410256412
    },
    "ctx2048_bs1": {
      "ctx": 2048,
      "bs": 1,
      "baseline": 335.54432,
      "k128": 209.7152,
      "k112": 204.47232,
      "r128": 1.6,
      "r112": 1.6410256410256412
    },
    "ctx2048_bs4": {
      "ctx": 2048,
      "bs": 4,
      "baseline": 1342.17728,
      "k128": 838.8608,
      "k112": 817.88928,
      "r128": 1.6,
      "r112": 1.6410256410256412
    },
    "ctx2048_bs8": {
      "ctx": 2048,
      "bs": 8,
      "baseline": 2684.35456,
      "k128": 1677.7216,
      "k112": 1635.77856,
      "r128": 1.6,
      "r112": 1.6410256410256412
    },
    "ctx8192_bs1": {
      "ctx": 8192,
      "bs": 1,
      "baseline": 1342.17728,
      "k128": 838.8608,
      "k112": 817.88928,
      "r128": 1.6,
      "r112": 1.6410256410256412
    },
    "ctx8192_bs4": {
      "ctx": 8192,
      "bs": 4,
      "baseline": 5368.70912,
      "k128": 3355.4432,
      "k112": 3271.55712,
      "r128": 1.6,
      "r112": 1.6410256410256412
    },
    "ctx8192_bs8": {
      "ctx": 8192,
      "bs": 8,
      "baseline": 10737.41824,
      "k128": 6710.8864,
      "k112": 6543.11424,
      "r128": 1.6,
      "r112": 1.6410256410256412
    }
  },
  "baseline": {
    "ctx512_bs1": {
      "ctx": 512,
      "bs": 1,
      "tok_s": 566.7885224321384
    },
    "ctx512_bs4": {
      "ctx": 512,
      "bs": 4,
      "tok_s": 1716.2447251942547
    },
    "ctx512_bs8": {
      "ctx": 512,
      "bs": 8,
      "tok_s": 1788.523270636436
    },
    "ctx2048_bs1": {
      "ctx": 2048,
      "bs": 1,
      "tok_s": 1696.4771262034787
    },
    "ctx2048_bs4": {
      "ctx": 2048,
      "bs": 4,
      "tok_s": 1731.3227360237604
    },
    "ctx2048_bs8": {
      "ctx": 2048,
      "bs": 8,
      "tok_s": 1856.0444922752313
    },
    "ctx8192_bs1": {
      "ctx": 8192,
      "bs": 1,
      "tok_s": 1609.848020140284
    }
  },
  "peak_mem": {
    "ctx512_bs1": {
      "ctx": 512,
      "bs": 1,
      "alloc": 20103.502848,
      "res": 24104.665088
    },
    "ctx512_bs4": {
      "ctx": 512,
      "bs": 4,
      "alloc": 20741.577728,
      "res": 24104.665088
    },
    "ctx2048_bs1": {
      "ctx": 2048,
      "bs": 1,
      "alloc": 21363.923968,
      "res": 24104.665088
    },
    "ctx2048_bs4": {
      "ctx": 2048,
      "bs": 4,
      "alloc": 15047.789568,
      "res": 24104.665088
    }
  },
  "compressed_single": {
    "k128_4bit_ctx512": {
      "config": "k128_4bit",
      "ctx": 512,
      "tok_s": 606.5332102925187,
      "overhead": 0.9344723632837644
    },
    "k128_4bit_ctx2048": {
      "config": "k128_4bit",
      "ctx": 2048,
      "tok_s": 1720.2751655949119,
      "overhead": 0.9861661437266618
    },
    "k112_4bit_ctx512": {
      "config": "k112_4bit",
      "ctx": 512,
      "tok_s": 473.8698037080219,
      "overhead": 1.1960849119252364
    },
    "k112_4bit_ctx2048": {
      "config": "k112_4bit",
      "ctx": 2048,
      "tok_s": 1024.5966528188465,
      "overhead": 1.6557511890519752
    }
  }
}