{
  "test_acc_after_1epoch": 0.8981,
  "per_layer": {
    "features.0.weight": {
      "n_total": 1728,
      "n_active": 1728,
      "mean": 6.494968693004921e-05,
      "std": 0.00019766010518651456,
      "p00": 3.8100607196132896e-13,
      "p01": 3.614714355615334e-10,
      "p05": 7.466985740833823e-09,
      "p10": 4.3511282399322224e-08,
      "p25": 3.8509387678686835e-07,
      "p50": 3.040622232219903e-06,
      "p75": 3.3340888876409736e-05,
      "p90": 0.00017236829007742923,
      "p95": 0.0003495817480143151,
      "p99": 0.0009792910621035855,
      "p100": 0.003359101712703705
    },
    "features.0.bias": {
      "n_total": 64,
      "n_active": 64,
      "mean": 0.00014254942652769387,
      "std": 0.00024531339295208454,
      "p00": 5.2774900893837184e-08,
      "p01": 2.9905397553875445e-07,
      "p05": 7.317386376826107e-07,
      "p10": 1.2849613767684787e-06,
      "p25": 6.212126777427329e-06,
      "p50": 2.629331447678851e-05,
      "p75": 0.00012765581777784973,
      "p90": 0.0005627871723845601,
      "p95": 0.0007238074467750264,
      "p99": 0.0009236272063571958,
      "p100": 0.000977468560449779
    },
    "features.2.weight": {
      "n_total": 36864,
      "n_active": 36838,
      "mean": 1.8178545246883004e-07,
      "std": 3.2930117868090747e-06,
      "p00": 0.0,
      "p01": 8.485691651709562e-15,
      "p05": 1.965932007030186e-12,
      "p10": 1.616008646343481e-11,
      "p25": 2.6474775843832177e-10,
      "p50": 2.9799527290208516e-09,
      "p75": 2.3303312168820867e-08,
      "p90": 1.3268503948893342e-07,
      "p95": 3.6765093511803567e-07,
      "p99": 2.228882854069529e-06,
      "p100": 0.00023436039919033647
    },
    "features.2.bias": {
      "n_total": 64,
      "n_active": 64,
      "mean": 8.727529348107055e-06,
      "std": 2.824791044986341e-05,
      "p00": 8.21892640751054e-12,
      "p01": 3.6656037938342935e-09,
      "p05": 1.8312218497129608e-08,
      "p10": 3.556174661412118e-08,
      "p25": 2.3137699045605586e-07,
      "p50": 1.0206132117218658e-06,
      "p75": 3.3501178791084385e-06,
      "p90": 1.3638155360240496e-05,
      "p95": 3.482594902379785e-05,
      "p99": 0.00015044745261548074,
      "p100": 0.00018193766300100833
    },
    "features.5.weight": {
      "n_total": 73728,
      "n_active": 73728,
      "mean": 9.404643463994944e-08,
      "std": 1.927704488480231e-06,
      "p00": 6.12558314567276e-19,
      "p01": 8.977844536588522e-14,
      "p05": 2.993171075577061e-12,
      "p10": 1.4802388828560888e-11,
      "p25": 1.4883804605458906e-10,
      "p50": 1.38626998769098e-09,
      "p75": 9.92564230806181e-09,
      "p90": 5.176732713607638e-08,
      "p95": 1.4257608427214873e-07,
      "p99": 1.0985377264205421e-06,
      "p100": 0.0002551975194364786
    },
    "features.5.bias": {
      "n_total": 128,
      "n_active": 128,
      "mean": 5.038535277890333e-07,
      "std": 8.73217459229636e-07,
      "p00": 7.537313194373382e-14,
      "p01": 4.2911049097718596e-11,
      "p05": 1.5184852375504933e-09,
      "p10": 2.3908585555787456e-09,
      "p25": 2.050279723775361e-08,
      "p50": 1.1480724637635831e-07,
      "p75": 4.642605020421797e-07,
      "p90": 1.6775655581113821e-06,
      "p95": 2.1411712964436432e-06,
      "p99": 3.4489364747969382e-06,
      "p100": 5.463489742396632e-06
    },
    "features.7.weight": {
      "n_total": 147456,
      "n_active": 147456,
      "mean": 1.8662888123799348e-08,
      "std": 1.0627059054968413e-07,
      "p00": 9.588833564873117e-21,
      "p01": 9.003100016533298e-14,
      "p05": 2.7477050040629336e-12,
      "p10": 1.353951195950942e-11,
      "p25": 1.3895648520723114e-10,
      "p50": 1.2235641944080555e-09,
      "p75": 7.423828995989368e-09,
      "p90": 3.0656805094508854e-08,
      "p95": 7.003563595731066e-08,
      "p99": 3.101386639059509e-07,
      "p100": 9.037446943693794e-06
    },
    "features.7.bias": {
      "n_total": 128,
      "n_active": 128,
      "mean": 1.21938273878186e-06,
      "std": 1.1059625649068039e-05,
      "p00": 1.1648198681643573e-12,
      "p01": 1.097455927349944e-11,
      "p05": 3.1699848579425093e-10,
      "p10": 9.926821420425117e-10,
      "p25": 8.126217254655899e-09,
      "p50": 5.092706345521947e-08,
      "p75": 2.9958048486378175e-07,
      "p90": 5.660246870320407e-07,
      "p95": 1.172822067019296e-06,
      "p99": 3.1813077066544813e-06,
      "p100": 0.00012573925778269768
    },
    "features.10.weight": {
      "n_total": 294912,
      "n_active": 294912,
      "mean": 4.987862567418233e-09,
      "std": 3.481379806657969e-08,
      "p00": 8.440174286253408e-23,
      "p01": 1.3835708430722308e-14,
      "p05": 5.382131941728334e-13,
      "p10": 2.906513094438901e-12,
      "p25": 3.4752993018083433e-11,
      "p50": 3.1938796052344287e-10,
      "p75": 2.0281572532532266e-09,
      "p90": 8.499565673503187e-09,
      "p95": 1.872826045357102e-08,
      "p99": 7.682933464536803e-08,
      "p100": 5.682003120455192e-06
    },
    "features.10.bias": {
      "n_total": 256,
      "n_active": 256,
      "mean": 4.128262531821747e-08,
      "std": 1.001291494162615e-07,
      "p00": 7.782746886189629e-13,
      "p01": 3.538030296252465e-12,
      "p05": 5.384202458880161e-11,
      "p10": 2.162807086203422e-10,
      "p25": 1.0858882959485783e-09,
      "p50": 5.567492911140448e-09,
      "p75": 2.9197277040537983e-08,
      "p90": 1.1203166039308599e-07,
      "p95": 2.040641469136517e-07,
      "p99": 6.191806903643726e-07,
      "p100": 6.994729346843087e-07
    },
    "features.12.weight": {
      "n_total": 589824,
      "n_active": 589820,
      "mean": 2.11322181975504e-09,
      "std": 1.2419381079098457e-08,
      "p00": 0.0,
      "p01": 5.193413600779402e-15,
      "p05": 2.852987282726295e-13,
      "p10": 1.6494222003851644e-12,
      "p25": 1.870435447151597e-11,
      "p50": 1.6490970394800186e-10,
      "p75": 9.905585240943537e-10,
      "p90": 3.980004015247143e-09,
      "p95": 8.50158112797316e-09,
      "p99": 3.253034986272497e-08,
      "p100": 2.9083685149089433e-06
    },
    "features.12.bias": {
      "n_total": 256,
      "n_active": 256,
      "mean": 1.646336755811717e-08,
      "std": 3.497834555332702e-08,
      "p00": 1.6508525774693028e-13,
      "p01": 8.23256637557182e-13,
      "p05": 9.787171182003285e-12,
      "p10": 5.7216967275230957e-11,
      "p25": 6.628995408153315e-10,
      "p50": 3.2919973413925163e-09,
      "p75": 1.6993631390960218e-08,
      "p90": 4.602539682707629e-08,
      "p95": 6.438479083215043e-08,
      "p99": 1.5601097373973935e-07,
      "p100": 3.2172457054002734e-07
    },
    "features.14.weight": {
      "n_total": 589824,
      "n_active": 589824,
      "mean": 2.6778725903398026e-09,
      "std": 2.6591688850885475e-08,
      "p00": 5.58400220748964e-25,
      "p01": 9.168121863699736e-15,
      "p05": 3.204741254813314e-13,
      "p10": 1.6373665878005598e-12,
      "p25": 1.7222678578426853e-11,
      "p50": 1.5129093117183245e-10,
      "p75": 9.332402073347623e-10,
      "p90": 3.932677028473112e-09,
      "p95": 8.844113130734846e-09,
      "p99": 3.988106001884268e-08,
      "p100": 5.998473625368206e-06
    },
    "features.14.bias": {
      "n_total": 256,
      "n_active": 256,
      "mean": 2.455245606824974e-08,
      "std": 1.1789056486577465e-07,
      "p00": 2.524915853789134e-15,
      "p01": 4.970866546074454e-13,
      "p05": 1.885513099819658e-11,
      "p10": 4.954955716562903e-11,
      "p25": 4.943713355354262e-10,
      "p50": 2.7189153151141454e-09,
      "p75": 1.1192710092089442e-08,
      "p90": 3.448895213864489e-08,
      "p95": 8.032054665818578e-08,
      "p99": 4.046548099267946e-07,
      "p100": 1.6178076975847944e-06
    },
    "features.17.weight": {
      "n_total": 1179648,
      "n_active": 1179648,
      "mean": 1.4622805188935217e-09,
      "std": 2.6037703548809077e-08,
      "p00": 1.4810848148270252e-29,