K,Hamming,iterations
5,0.0009400000000000001,50.0
10,0.000945,50.0
20,0.0009350000000000001,50.0
50,0.0009299999999999999,50.0
100,0.0009399999999999999,50.0
