{
  "fisher_vs_magnitude": {
    "fc1": 0.09090909090909091,
    "fc2": 0.08802117802779616,
    "global": 0.09001233045622688
  },
  "fisher_vs_mag_rewind": {
    "fc1": 0.12015018773466833,
    "fc2": 0.12975098296199214,
    "global": 0.12325285895806862
  },
  "magnitude_vs_mag_rewind": {
    "fc1": 0.23815746488075792,
    "fc2": 0.2141138732959102,
    "global": 0.23119777158774374
  },
  "final_accuracy": {
    "fisher": 0.9727,
    "magnitude": 0.9742,
    "mag_rewind": 0.977
  },
  "final_sparsity": {
    "fisher": 0.99,
    "magnitude": 0.99,
    "mag_rewind": 0.99
  }
}