n,rho,hamming_mean,hamming_std
1,0.001000,0.683333,0.050000
2,0.001000,0.500000,0.133333
4,0.001000,0.783333,0.083333
8,0.001000,0.633333,0.100000
