rho,var_top_1,var_top_3,var_top_5
0,0.282092,0.666212,1.000000
0.0003,0.230890,0.646120,1.000000
0.0005,0.230890,0.646120,1.000000
0.001,0.230890,0.646120,1.000000
